{"kind": "peraxis", "mean": [17.730225265414077, 3.3401629175223446, 0.59285401301862, 0.04207558823995228, 0.0005859962728525348, 18.202474910384804, 3.744479228807788, 0.7457620855132219, 0.17535014597114365, 0.0037588229393784216, 17.730225265414077, 3.3401629175223446, 0.59285401301862, 0.04207558823995228, 0.0005859962728525348, 18.202474910384804, 3.744479228807788, 0.7457620855132219, 0.17535014597114365, 0.0037588229393784216, 17.730225265414077, 3.3401629175223446, 0.59285401301862, 0.04207558823995228, 0.0005859962728525348, 18.202474910384804, 3.744479228807788, 0.7457620855132219, 0.17535014597114365, 0.0037588229393784216, 16.437522766747087, 16.90987799663184], "scale": [12.937366450309112, 3.2513435989904624, 1.1736034702160316, 0.2949489482895982, 0.054417951512698924, 13.1700010808771, 3.3262239214901363, 1.2467270130614836, 0.606324571644291, 0.07775889219420376, 12.93736645030911, 3.2513435989904624, 1.1736034702160316, 0.2949489482895982, 0.054417951512698924, 13.1700010808771, 3.3262239214901363, 1.2467270130614836, 0.606324571644291, 0.07775889219420376, 12.93736645030911, 3.2513435989904624, 1.1736034702160316, 0.2949489482895982, 0.054417951512698924, 13.1700010808771, 3.3262239214901363, 1.2467270130614836, 0.6063245716442909, 0.07775889219420376, 16.504211758711673, 16.51511496065553], "w1": [-0.16851098835468292, -0.3155165910720825, -0.1953551471233368, -0.34092727303504944, -0.42751288414001465, 0.18410970270633698, 0.1567022055387497, -0.04129616916179657, 0.1654931604862213, -0.2101280242204666, -0.00330315507017076, -0.3474353849887848, -0.22841687500476837, 0.052182890474796295, -0.1196809932589531, 0.12759380042552948, 0.11699851602315903, -0.0223526768386364, -0.34480786323547363, 0.014899253845214844, -0.1443660855293274, -0.3548961877822876, -0.18382476270198822, 0.0028751702047884464, 0.3317250609397888, 0.1820082664489746, 0.18342970311641693, -0.04048994556069374, 0.13165880739688873, -0.14111322164535522, 1.11074697971344, -1.1443077325820923, -0.03133469820022583, 0.03205396607518196, -0.013919960707426071, 0.018886761739850044, -0.14340659976005554, -0.10100298374891281, -0.05165500193834305, 0.06437359005212784, 0.00037460154271684587, -0.01915605179965496, -0.05393882095813751, 0.0022975255269557238, 0.02282671444118023, 0.01051601953804493, 0.009782856330275536, -0.15820124745368958, -0.04130184277892113, 0.045581962913274765, 0.12024406343698502, -0.07690148800611496, -0.03004377707839012, 0.02771727927029133, 0.021325206384062767, 0.009988636709749699, -0.01439360249787569, -0.14968949556350708, -0.041817158460617065, 0.037478454411029816, 0.7110419273376465, -0.1361667364835739, 1.584728717803955, -2.479384660720825, 0.40039780735969543, 0.1374184489250183, 0.10686370730400085, 0.0196955818682909, 0.21633341908454895, -0.08408962935209274, 0.20349784195423126, 0.06857616454362869, 0.16006086766719818, 0.10775037854909897, 0.3897813558578491, 0.1310194879770279, 0.08195564895868301, 0.028045957908034325, 0.23519665002822876, -0.07969283312559128, 0.19829700887203217, 0.07496156543493271, 0.17781420052051544, -0.13571028411388397, 0.42931878566741943, 0.1673554629087448, 0.11588342487812042, 0.02162352204322815, 0.22656257450580597, -0.06985493749380112, 0.19491426646709442, 0.06986720860004425, 0.1715952605009079, -0.12359769642353058, 0.34787338972091675, -2.066899061203003, -0.020959123969078064, -0.020871469751000404, -0.05607207491993904, 0.049413032829761505, -0.08926001936197281, 0.09851282089948654, 0.09415805339813232, 0.08847283571958542, 0.15839610993862152, 0.16736793518066406, -0.13654276728630066, -0.011568685993552208, -0.0685606524348259, -0.4239552915096283, -0.014371715486049652, 0.1509895771741867, 0.11756528913974762, 0.10820075124502182, 0.267031192779541, -0.06141979619860649, -0.005558014381676912, 0.00027119676815345883, -0.06094282865524292, -0.3853432536125183, -0.011617169715464115, 0.10834293812513351, 0.09675823897123337, 0.11611428111791611, 0.20592905580997467, -0.1571023017168045, 1.5447328090667725, -2.1360177993774414, -0.00011137226829305291, 0.17491841316223145, 0.15594875812530518, 0.12649576365947723, 0.2615111768245697, 0.14328549802303314, 0.06325756758451462, 0.10404039174318314, -1.0371694564819336, -0.23313012719154358, 0.04703666642308235, 0.19531650841236115, 0.1407901495695114, 0.0359470397233963, 0.017628198489546776, 0.1386691778898239, 0.037470314651727676, 0.11471733450889587, 0.04113480821251869, -0.017896059900522232, -0.009594511240720749, 0.15047164261341095, 0.13335739076137543, 0.036332350224256516, 0.031143203377723694, 0.129538431763649, 0.04570082947611809, 0.08840794861316681, -0.8367323279380798, 0.007877309806644917, -2.3075826168060303, 1.0897612571716309, 0.242343932390213, 0.19555073976516724, -0.26939961314201355, 0.227796733379364, 0.0018099837470799685, -0.29369059205055237, -0.0883699581027031, 0.01453529205173254, -0.08663094788789749, 0.14471635222434998, 0.21132570505142212, 0.2580038905143738, -0.28733646869659424, 0.01643880270421505, 0.07106271386146545, -0.289277046918869, -0.1784682422876358, -0.0659145712852478, -0.10641594976186752, 0.020081019029021263, 0.05676642060279846, 0.18198658525943756, -0.08240453153848648, 0.28942251205444336, -0.03454748913645744, 0.061943620443344116, 0.29489466547966003, 0.03735123202204704, 0.2957350015640259, -0.37156498432159424, 1.2468335628509521, -0.40964141488075256, 0.03776774927973747, 0.21182002127170563, 0.24135200679302216, -0.3663954734802246, 0.4311022162437439, 0.06552489101886749, -0.059191714972257614, 0.1437053084373474, 0.29460588097572327, -0.3576500117778778, 0.01952364481985569, 0.1821744590997696, 0.1529601365327835, -0.31369903683662415, -0.6106293797492981, 0.02168419398367405, -0.0750783234834671, 0.1195177510380745, -0.2287503331899643, 0.1950332224369049, 0.022125311195850372, 0.09290158748626709, 0.23990680277347565, -0.09319691359996796, -0.6552483439445496, -0.031488385051488876, -0.0284529160708189, 0.11516301333904266, 0.02335692010819912, 0.1744537353515625, 1.1820611953735352, -1.764320731163025, 0.4382053315639496, 0.09079011529684067, -0.01827014982700348, -0.11299801617860794, -0.03282295912504196, -0.13522547483444214, 0.11458084732294083, -0.028373712673783302, 0.23959513008594513, 0.05831735208630562, 0.4084509611129761, 0.0774407833814621, 0.0022261012345552444, 0.10565882921218872, -0.26459670066833496, -0.17275193333625793, 0.14201472699642181, -0.020729495212435722, 0.23232139647006989, -0.46129509806632996, 0.5274006128311157, 0.07081516087055206, -0.07821028679609299, -0.09839683771133423, -0.04735858365893364, -0.31746259331703186, -0.008502578362822533, -0.07635797560214996, 0.24123555421829224, 0.4514819383621216, 1.332711100578308, -0.5853034853935242, 0.4710012376308441, 0.09609254449605942, 0.09043028950691223, -0.226189985871315, 0.34532827138900757, -0.4002050459384918, -0.36098620295524597, -0.3563311696052551, 0.00012623016664292663, -0.034603096544742584, 0.5620086789131165, 0.13976821303367615, 0.09348798543214798, -0.15312135219573975, -0.5097109079360962, -0.4528859853744507, -0.3931436240673065, -0.4052559435367584, -0.02603379637002945, -0.08969947695732117, 0.41460081934928894, 0.13017867505550385, 0.0825275182723999, -0.16863088309764862, -0.49717214703559875, -0.4049126207828522, -0.3208567798137665, -0.3743595480918884, -0.7515689134597778, 0.018833672627806664, 0.5023353695869446, 0.8305047154426575, 0.3204345107078552, -0.18249638378620148, 0.11523859947919846, 0.16872380673885345, -0.3178602159023285, 0.28046998381614685, 0.5838175415992737, 0.03028951771557331, 0.09629861265420914, 0.3586190640926361, 0.35486742854118347, -0.15752053260803223, 0.09058687835931778, 0.19448648393154144, -0.34313392639160156, 0.26121968030929565, 0.5476429462432861, 0.037606287747621536, 0.13475657999515533, -0.3624963164329529, 0.3358922302722931, -0.2009645700454712, 0.11314186453819275, 0.12816859781742096, 0.2607288658618927, 